<?xml version="1.0"?>
<doc>
    <assembly>
        <name>BatteryCommander.Web</name>
    </assembly>
    <members>
        <member name="P:BatteryCommander.Web.Models.Soldier.ClsQualified">
            <summary>
            While a CLS certification is technically permanent, soldiers in Priority 1 units (actively-deploying brigade combat teams, for example)
            must retake the course once a year to retain their certification.
            </summary>
        </member>
        <member name="P:BatteryCommander.Web.Models.Soldier.EducationLevel">
            <summary>
            The highest level of military education attained by the Soldier
            </summary>
        </member>
        <member name="P:BatteryCommander.Web.Models.Soldier.CanLogin">
            <summary>
            If true, the user has been granted access to log in to the application
            </summary>
        </member>
        <member name="F:BatteryCommander.Web.Models.ABCP.MAX_DIFFERNCE">
            <summary>
            Measurements are considered invalid if they're greater than 1 inch apart
            </summary>
        </member>
        <member name="P:BatteryCommander.Web.Models.ABCP.Height">
            <summary>
            Recorded to nearest half inch when used for body fat percentage calculations
            </summary>
        </member>
        <member name="P:BatteryCommander.Web.Models.ABCP.Weight">
            <summary>
            Recorded to the nearest pound for all usage
            </summary>
        </member>
        <member name="P:BatteryCommander.Web.Models.ABCP.IsSatisfactory">
            <summary>
            Returns true if the Soldier made satisfactory progress since the last ABCP weigh-in
            </summary>
        </member>
        <member name="P:BatteryCommander.Web.Models.Evaluation.DelinquentAfter">
            <summary>
            After this period of time, incomplete evaluations are considered delinquent
            </summary>
        </member>
        <member name="P:BatteryCommander.Web.Models.Evaluation.Completed">
            <summary>
            List of statuses that represent completed evaluations
            </summary>
        </member>
        <member name="F:BatteryCommander.Web.Models.EventStatus.NotTested">
            <summary>
            Soldier either does not have a record for this event, or the time validity of the event has passed
            </summary>
        </member>
        <member name="F:BatteryCommander.Web.Models.EventStatus.Passed">
            <summary>
            Soldier has a passing record for this event within a valid period of time
            </summary>
        </member>
        <member name="F:BatteryCommander.Web.Models.EventStatus.Failed">
            <summary>
            Soldier's most recent record for this event was a failure
            </summary>
        </member>
        <member name="T:BatteryCommander.Web.Models.Gender">
             <summary>
             This of course does not take into account gender non-binary soldiers.
            
             For administative purposes (i.e. scoring an APFT) we require a gender.
             </summary>
        </member>
        <member name="M:BatteryCommander.Web.Models.RankExtensions.All">
            <summary>
            Returns an ordered list of ranks for display
            </summary>
        </member>
        <member name="M:BatteryCommander.Web.Services.UserService.FindAsync(BatteryCommander.Web.Models.Database,System.Security.Claims.ClaimsPrincipal)">
            <summary>
            Find the Soldier associated with the given user.
            Will throw an exception if more than Soldier is found.
            Will return null if none was found.
            </summary>
        </member>
    </members>
</doc>
